name,email,ipadress,phone,postalcode
Ade Emmines,aemmines0@dailymail.co.uk,182.251.66.91,402-551-5776,
Dennet Tabourel,dtabourel1@github.io,171.199.185.193,129-162-9510,
Ashley McElhargy,amcelhargy2@cargocollective.com,151.63.73.37,457-722-6291,6040-104
 ,,,823-705-7076,55827
 ,,,786-965-4020,55150
Ingeborg Fosdick,ifosdick5@oakley.com,165.190.70.220,989-132-3232,48670
Stavro Snoddin,ssnoddin6@oracle.com,219.98.187.47,791-428-7201,
Wat Dalling,wdalling7@wordpress.org,64.91.139.140,258-203-1306,
Diannne Selburn,dselburn8@php.net,56.5.174.101,848-379-1519,1787
Osborn Andell,oandell9@stumbleupon.com,174.31.71.191,617-262-7796,9500-365
Wernher Neal,wneala@icio.us,241.192.214.157,947-616-5781,
Ber Downage,bdownageb@github.io,243.96.89.27,538-720-3547,
Hilary Flecknell,hflecknellc@gov.uk,4.184.45.187,237-869-2177,
Min Tewkesberry,mtewkesberryd@ihg.com,203.128.111.84,429-542-0198,831 76
Cheryl Stuckes,cstuckese@gmpg.org,123.171.53.200,759-709-2065,7213
Jard Dougal,jdougalf@apache.org,73.86.40.75,868-848-1679,
Jaquith Dobinson,jdobinsong@devhub.com,98.171.70.79,380-637-3960,
Armin Duigenan,aduigenanh@seattletimes.com,35.13.4.2,477-782-8855,
Lindon Digger,ldiggeri@example.com,206.117.16.166,354-429-7338,36-207
Vivia Scotford,vscotfordj@networkadvertising.org,167.148.169.0,559-586-0808,152450
Orran Colthurst,ocolthurstk@marriott.com,64.103.239.249,324-998-2558,
Meta Tutin,mtutinl@cnn.com,165.192.32.34,956-371-7045,366818
Dunc Whitten,dwhittenm@hatena.ne.jp,102.142.233.54,513-636-5942,
Saundra Eve,seven@nydailynews.com,49.240.69.199,781-154-2514,
Randie Brahm,rbrahmo@myspace.com,244.246.15.250,321-275-5561,
Carole Gowen,cgowenp@huffingtonpost.com,122.132.69.89,588-329-1239,36200
Evangeline Van der Merwe,evandermerweq@scientificamerican.com,230.16.90.139,543-583-1332,
Franky Lawee,flaweer@exblog.jp,152.56.116.151,895-260-9230,433568
Carr Crack,ccracks@netvibes.com,22.55.100.212,786-394-1877,
Lenci Swannie,lswanniet@shareasale.com,19.255.133.112,852-523-0848,
Christoforo Ruller,crulleru@wiley.com,49.227.100.74,348-492-5292,
Spenser Gosenell,sgosenellv@sfgate.com,232.166.106.245,568-961-1138,
Eleanora Aprahamian,eaprahamianw@ask.com,15.135.5.233,802-939-9080,63009 CEDEX 1
Emyle Rawlison,erawlisonx@desdev.cn,6.187.99.4,947-175-5016,50674
 ,,,875-487-8247,627603
Tiffanie Simanek,tsimanekz@washington.edu,201.25.50.95,589-181-8792,
 ,,,788-466-0475,
Stu Dealy,sdealy11@disqus.com,231.102.160.227,852-875-3700,
Reinaldo Sommerland,rsommerland12@w3.org,255.82.120.63,490-354-8166,97487 CEDEX
Ruttger Housiaux,rhousiaux13@last.fm,230.44.14.15,555-870-4057,664 24
Ciro California,ccalifornia14@sciencedirect.com,59.202.69.16,556-292-2943,
Hana Dodson,hdodson15@de.vu,109.207.178.86,987-625-5835,
Abby De Caroli,adecaroli16@telegraph.co.uk,104.146.81.146,853-297-4458,8427
 ,,,960-908-7994,35530
Maribelle Pocklington,mpocklington18@bizjournals.com,15.52.99.125,480-894-4474,9413
Edi Kisar,ekisar19@hostgator.com,165.174.77.166,994-800-9667,16005
 ,,,960-142-3931,421 46
 ,,,570-903-1873,1035
Pearl Flacknoe,pflacknoe1c@bloglovin.com,15.37.205.204,566-884-3538,3742
Pernell McCrea,pmccrea1d@1688.com,244.127.247.49,504-779-7006,
Dix Nightingale,dnightingale1e@hatena.ne.jp,118.32.207.106,118-604-7236,
 ,,,424-598-0944,
Enos Knapton,eknapton1g@samsung.com,8.230.36.124,814-685-0258,16522
Tann Sazio,tsazio1h@bloomberg.com,213.107.184.176,202-691-4257,413146
Trix Ollerton,tollerton1i@list-manage.com,144.73.192.23,444-100-3481,
Fonzie Bompass,fbompass1j@1688.com,118.168.170.6,633-915-1671,
Alexina Grimditch,agrimditch1k@reuters.com,229.165.7.149,809-476-2293,
Johannes Grise,jgrise1l@globo.com,9.192.125.117,978-940-5540,
Kelvin Snelson,ksnelson1m@google.com,85.208.224.154,123-279-5490,
 ,,,144-582-1696,
Alexio Patters,apatters1o@stanford.edu,143.135.171.66,414-415-3848,
Sawyer Throughton,sthroughton1p@printfriendly.com,245.53.2.89,740-847-6944,3304
Freddi Kisbee,fkisbee1q@plala.or.jp,166.94.35.67,777-154-0232,
Waneta Mouncher,wmouncher1r@youku.com,128.78.230.207,615-232-7619,
 ,,,999-319-5948,4690-588
Sibilla Crimpe,scrimpe1t@baidu.com,96.116.197.175,654-387-1463,
Ron Gaddesby,rgaddesby1u@marketwatch.com,183.25.21.206,467-881-9978,77150
Andie Orcas,aorcas1v@sphinn.com,132.156.178.208,353-652-5677,
Madelle Mortlock,mmortlock1w@cnbc.com,205.224.189.29,786-739-4421,45630-000
Beth Duncanson,bduncanson1x@theatlantic.com,215.56.215.143,547-178-5222,639-1156
Nedi Vanyutin,nvanyutin1y@1und1.de,180.100.202.90,703-235-4702,607069
Hynda Yurkiewicz,hyurkiewicz1z@joomla.org,208.132.232.43,401-258-3077,
 ,,,964-671-5060,4815-014
 ,,,698-811-6733,46-024
Griswold Yesenin,gyesenin22@behance.net,196.62.169.226,701-614-1224,385129
 ,,,942-742-3171,393917
Hamnet Truwert,htruwert24@icq.com,213.144.183.32,805-119-2771,611 35
Ashbey Sandon,asandon25@cargocollective.com,113.231.37.60,894-549-7988,
Rutger Shinton,rshinton26@t-online.de,8.135.155.39,200-452-9166,95880-000
Galvan Gaudin,ggaudin27@kickstarter.com,17.76.33.29,864-604-1332,
Daffi Dockery,ddockery28@time.com,207.124.148.200,884-114-5339,91980
Ring Findon,rfindon29@bbb.org,223.160.185.231,581-735-0164,
Erwin Baddoe,ebaddoe2a@cbsnews.com,136.122.202.237,982-753-3725,
Nelli Tallach,ntallach2b@upenn.edu,181.24.232.253,416-365-8996,
Rinaldo Weaver,rweaver2c@kickstarter.com,243.62.255.174,493-312-4175,
Minta Johann,mjohann2d@bloglines.com,232.29.213.159,606-669-5392,404109
Josh Fordham,jfordham2e@hc360.com,72.181.72.115,650-872-8173,
Saxon Dunbobbin,sdunbobbin2f@privacy.gov.au,130.254.121.213,964-401-1789,
Nyssa Rizzardo,nrizzardo2g@indiegogo.com,255.123.75.169,461-911-9827,B4V
Bronson Baseggio,bbaseggio2h@odnoklassniki.ru,83.18.212.91,226-837-1032,3140-253
Rebekkah Bowkett,rbowkett2i@diigo.com,116.174.204.167,164-406-4699,
Buck Letterese,bletterese2j@washington.edu,247.246.112.93,713-484-1963,28570-000
Perice Shrawley,pshrawley2k@ask.com,196.80.188.36,748-897-5799,2306
 ,,,158-195-8060,
Artie Weth,aweth2m@columbia.edu,74.225.118.220,125-901-8086,
Clarette Boulstridge,cboulstridge2n@so-net.ne.jp,15.157.7.99,625-844-6529,6517
Jourdain Derisley,jderisley2o@mac.com,186.163.89.30,270-407-7612,07004 CEDEX
Barr Newband,bnewband2p@imgur.com,189.107.125.118,538-331-3069,79601
Ambrose Rainforth,arainforth2q@privacy.gov.au,119.42.248.253,980-678-3460,4901
Tobye Scotti,tscotti2r@qq.com,137.149.219.231,910-834-8520,7150-366
Thurston Ambroise,tambroise2s@qq.com,201.223.218.200,166-509-9022,
Sutton Seekings,sseekings2t@aboutads.info,3.238.166.161,508-346-4209,
Arne Mulvagh,amulvagh2u@vistaprint.com,27.25.102.27,361-173-5871,45045 CEDEX 1
 ,,,460-759-2574,
Ceil Orro,corro2w@independent.co.uk,254.58.51.7,299-370-0888,33800-000
 ,,,795-622-2833,
Shelby Ellams,sellams2y@over-blog.com,147.15.87.92,321-728-5354,
Nert Grayland,ngrayland2z@hatena.ne.jp,134.164.150.82,202-915-8294,24-120
Catlin Garatty,cgaratty30@rambler.ru,98.223.40.5,358-811-5132,
 ,,,579-254-7786,
Ingunna Orbell,iorbell32@unicef.org,245.116.164.122,905-327-8343,
Marnia Thom,mthom33@wordpress.com,122.73.146.26,468-756-1465,
Bail Titley,btitley34@msu.edu,161.198.115.127,970-415-5567,
Cassy Kwiek,ckwiek35@reuters.com,4.155.127.194,622-903-2036,2322
Eulalie Ewan,eewan36@economist.com,209.224.108.148,707-540-4021,
Tandie Wakeley,twakeley37@shutterfly.com,234.8.45.28,815-497-8196,6129
Danella Chasen,dchasen38@soup.io,50.86.97.255,727-272-0361,
Brewster Dy,bdy39@odnoklassniki.ru,111.126.140.119,779-494-5680,
Weber Thomas,wthomas3a@netlog.com,135.19.7.147,761-146-6556,546058
Brady Bramo,bbramo3b@privacy.gov.au,60.98.192.20,538-817-8820,22-304
Zachariah Gully,zgully3c@plala.or.jp,160.185.152.23,995-441-0866,
Brockie Bridgeland,bbridgeland3d@google.com.br,77.212.203.130,330-703-1101,
Renee Alcalde,ralcalde3e@chicagotribune.com,187.169.189.49,481-857-4031,251857
Hally Tosdevin,htosdevin3f@linkedin.com,196.245.67.81,548-532-9374,
Claudius Elloway,celloway3g@npr.org,1.164.67.60,606-851-9814,61890-000
Lin Edgeller,ledgeller3h@cnbc.com,249.100.232.56,127-564-3785,4501
Duffy Wapplington,dwapplington3i@rakuten.co.jp,160.65.75.232,598-704-6371,25676
 ,,,182-313-2809,
Lusa Ciccottini,lciccottini3k@newyorker.com,227.107.121.214,771-433-1632,4901
Herve Sibille,hsibille3l@ustream.tv,115.20.160.70,929-262-5831,
Letti Fulstow,lfulstow3m@oakley.com,0.203.26.243,264-948-0908,
Brena Leicester,bleicester3n@vinaora.com,162.146.245.113,494-165-7804,
Mendie Aronov,maronov3o@prweb.com,20.30.167.53,394-299-1439,
Woodrow Mattis,wmattis3p@moonfruit.com,57.94.172.49,341-408-0480,602204
Danila Annes,dannes3q@ebay.com,82.229.121.41,845-275-6281,74000-000
Silvio Iddens,siddens3r@privacy.gov.au,119.231.247.94,396-341-7429,57800-000
Redford Atton,ratton3s@washingtonpost.com,167.173.250.186,690-887-5128,
Zeb Gavrielly,zgavrielly3t@fastcompany.com,58.18.77.234,685-423-1165,
Gabbi Gillum,ggillum3u@mtv.com,157.31.251.4,450-412-3622,5404
Agnella Howels,ahowels3v@independent.co.uk,131.109.70.208,238-731-8203,4502
Ernst Delia,edelia3w@ucla.edu,245.202.79.22,989-270-2132,
Lynett Measham,lmeasham3x@t.co,78.94.46.206,173-921-7918,
Wainwright Sansbury,wsansbury3y@nih.gov,53.83.40.138,784-982-0463,
 ,,,136-273-9470,
Derwin Jendrassik,djendrassik40@apple.com,57.106.218.213,328-419-1748,27-310
Mikkel Skirlin,mskirlin41@wordpress.org,161.79.178.97,590-147-5727,
Bax Guinness,bguinness42@linkedin.com,128.60.81.130,758-709-9116,347674
Eldredge Bullin,ebullin43@devhub.com,109.166.194.89,244-336-0713,
 ,,,687-668-2580,
Rahel Beedell,rbeedell45@uol.com.br,47.190.230.169,476-801-9667,
Blancha Heffernan,bheffernan46@cnet.com,216.65.148.81,680-755-7287,36830-000
Ansley Thumnel,athumnel47@goo.ne.jp,231.66.66.121,706-153-0284,B2J
Orren Bartolacci,obartolacci48@wiley.com,89.3.141.8,792-712-3826,
Rori Grishinov,rgrishinov49@ifeng.com,126.249.35.101,497-647-2664,
Abelard Gillman,agillman4a@deliciousdays.com,121.98.5.21,967-641-9310,
 ,,,887-490-0783,42130
Byrann Cammidge,bcammidge4c@creativecommons.org,176.131.71.21,388-860-1560,196627
Lannie Harrowsmith,lharrowsmith4d@canalblog.com,75.233.196.68,572-981-4082,
Felice Pyott,fpyott4e@rambler.ru,26.44.174.254,758-811-6199,L9H
Kara-lynn Byard,kbyard4f@deliciousdays.com,28.5.28.116,718-229-8173,
 ,,,925-826-4590,14000-000
Bordy Crinage,bcrinage4h@xinhuanet.com,147.41.10.91,694-994-0309,1659
Damita Harewood,dharewood4i@drupal.org,234.242.209.73,905-826-0433,
Blane Schaumann,bschaumann4j@cyberchimps.com,60.69.231.140,265-219-8135,
Darci Sillett,dsillett4k@com.com,122.100.11.40,355-221-6016,3005
Sharon Diggar,sdiggar4l@eventbrite.com,23.24.188.61,708-506-4072,
Brinn Bockmaster,bbockmaster4m@wired.com,171.144.238.144,555-472-8101,
Evelyn Melhuish,emelhuish4n@un.org,2.18.89.226,109-468-2337,9708
Corette Lochran,clochran4o@cargocollective.com,57.121.195.226,966-792-7061,
Anica Zanassi,azanassi4p@chron.com,224.152.215.155,805-337-6230,
Korry Champkin,kchampkin4q@vk.com,12.11.242.87,411-456-6175,
Kele Lacknor,klacknor4r@mediafire.com,32.127.33.160,352-161-0841,
Lura Ludford,lludford4s@usgs.gov,160.97.146.110,211-273-8708,870-0122
Tana Laxe,tlaxe4t@163.com,35.22.206.60,491-399-3470,
Darrin Eglinton,deglinton4u@nbcnews.com,22.6.250.95,161-336-4536,
Arnold Spenclay,aspenclay4v@goo.gl,1.31.233.169,655-203-3462,
Cornall Okroy,cokroy4w@dyndns.org,6.0.72.206,213-238-1134,
 ,,,956-166-4245,5180-344
Mirelle Tournie,mtournie4y@shop-pro.jp,138.201.84.30,712-537-6043,
Alaster Kuzemka,akuzemka4z@amazon.com,107.173.219.75,973-346-7068,301086
 ,,,516-162-2268,
Hyman Lamburn,hlamburn51@chicagotribune.com,195.14.33.95,336-284-6950,
Dorothee Scardefield,dscardefield52@istockphoto.com,37.76.232.202,738-220-7532,700 09
Rachael Landal,rlandal53@rambler.ru,180.28.221.72,863-500-6192,34643
 ,,,420-861-0083,164200
Thaddeus Charte,tcharte55@tiny.cc,211.152.5.217,605-409-9858,97300-000
Taffy Darracott,tdarracott56@xrea.com,162.241.143.105,738-627-0108,8301
 ,,,152-158-5863,147 42
Adrianne Simmins,asimmins58@youku.com,45.184.53.14,903-498-9667,32-437
Loutitia Kettlesting,lkettlesting59@goo.gl,175.104.186.216,915-768-3223,79999
Gui Dudding,gdudding5a@scientificamerican.com,52.75.51.177,316-280-9520,97254 CEDEX
Chrissy Crutcher,ccrutcher5b@yale.edu,176.3.109.133,875-180-5667,
Gib MacAdam,gmacadam5c@auda.org.au,117.227.192.138,204-817-3889,
Burg Raye,braye5d@google.fr,248.210.154.24,385-263-3191,11203
Sandra Bithell,sbithell5e@joomla.org,220.135.238.246,790-544-6384,
Fawn Murrhardt,fmurrhardt5f@multiply.com,163.52.191.27,180-937-4700,
 ,,,194-758-5515,
Cristabel Skep,cskep5h@zimbio.com,0.136.82.31,759-639-1588,
Lodovico Wharfe,lwharfe5i@altervista.org,178.88.125.165,217-863-1769,
Keeley Philcox,kphilcox5j@irs.gov,250.218.102.165,270-293-7133,37540-000
 ,,,688-937-5425,
 ,,,666-512-5172,
Karissa Fudger,kfudger5m@elpais.com,72.192.161.245,314-483-1873,
Igor Halshaw,ihalshaw5n@github.io,249.74.27.236,574-855-0554,
Leonie Ofer,lofer5o@woothemes.com,201.123.90.13,734-432-1394,
Johnathon Royson,jroyson5p@elpais.com,118.137.242.191,548-241-8912,95193
Humphrey Verdey,hverdey5q@pinterest.com,214.234.11.30,748-109-3232,10560
Drake Lewnden,dlewnden5r@stumbleupon.com,213.152.124.32,142-954-3291,
Khalil Flahive,kflahive5s@xrea.com,243.200.243.2,594-563-8891,72001
Kelley Augar,kaugar5t@github.io,234.140.125.39,373-976-8484,
 ,,,219-795-5167,
Chane Farnish,cfarnish5v@hao123.com,30.237.117.37,417-659-2896,5629
Forrester Gaskin,fgaskin5w@columbia.edu,24.187.241.28,889-393-7961,
Hubey Kernell,hkernell5x@nhs.uk,113.61.24.1,282-260-6565,
 ,,,624-703-9985,75552
Gaile Hatherleigh,ghatherleigh5z@ihg.com,163.48.156.195,626-321-4430,
Emmott Crann,ecrann60@who.int,72.5.235.82,888-158-9525,6451
Atlante Reddan,areddan61@weibo.com,188.241.201.54,628-288-2040,
Quint Stimpson,qstimpson62@linkedin.com,238.48.192.40,854-517-7864,
Marsiella Wilkinson,mwilkinson63@dailymotion.com,111.127.189.57,641-924-7852,
Dania Voaden,dvoaden64@si.edu,104.57.172.63,673-273-8213,33514
Felice Tatters,ftatters65@telegraph.co.uk,252.60.196.45,489-280-4383,
Jaynell Bulward,jbulward66@joomla.org,237.66.254.131,776-428-0427,
Mela Ryton,mryton67@google.com.br,184.74.244.110,508-299-8223,771 82
Hilario Genicke,hgenicke68@cpanel.net,96.242.93.163,360-458-6041,98687
Eugenio Tatton,etatton69@archive.org,48.64.92.120,639-834-6804,997-0334
 ,,,604-749-7341,2530-187
Ariel Mardall,amardall6b@booking.com,169.137.178.127,361-790-2566,
Windham Gaffney,wgaffney6c@trellian.com,194.190.59.223,764-533-7213,
Neel Stubbley,nstubbley6d@utexas.edu,25.189.99.163,426-826-7824,
Aluino Drage,adrage6e@example.com,137.111.12.36,529-750-6482,9309
Loralie Baseley,lbaseley6f@omniture.com,244.143.119.89,188-341-1149,367-0251
Kaila Latus,klatus6g@cyberchimps.com,44.72.207.213,471-129-7690,761 51
Darrelle Knoller,dknoller6h@creativecommons.org,207.98.253.78,467-449-3292,
Lavinia Borel,lborel6i@taobao.com,113.233.159.244,304-120-6200,
Elfreda Dungey,edungey6j@berkeley.edu,221.245.233.154,331-793-4371,
Eliza Hardwin,ehardwin6k@youku.com,105.178.53.186,132-486-6164,
 ,,,597-494-0784,69670-000
Berky Scowen,bscowen6m@printfriendly.com,241.154.152.158,748-487-1771,
Bogart Bamlett,bbamlett6n@squarespace.com,131.105.236.144,769-577-6213,38950-000
Trevor Westraw,twestraw6o@plala.or.jp,58.69.62.72,138-699-5270,
Garvey Reynolds,greynolds6p@nature.com,48.33.7.160,281-240-1996,
Bryce Hebblewhite,bhebblewhite6q@facebook.com,97.94.205.9,848-940-7501,4870-130
Lily Tremayle,ltremayle6r@prnewswire.com,63.47.178.27,801-286-7919,
Oriana Lindberg,olindberg6s@seattletimes.com,17.98.253.131,818-301-8720,40726
 ,,,390-609-9062,
Dollie Rusk,drusk6u@yandex.ru,253.164.87.17,765-301-5939,
Jessa Szubert,jszubert6v@sfgate.com,68.180.142.163,379-357-6914,6328
Camey Pamplin,cpamplin6w@wix.com,191.192.240.214,905-335-4470,
Seamus Overel,soverel6x@imgur.com,245.190.95.86,374-901-3508,359-1144
Zondra Blazey,zblazey6y@mediafire.com,205.204.129.10,693-870-3181,
 ,,,575-876-1371,35914 CEDEX 9
 ,,,997-563-2141,
 ,,,946-740-5513,
Loralie Haysar,lhaysar72@flavors.me,50.194.146.206,579-558-0515,
Lilias Eamer,leamer73@etsy.com,79.215.234.173,637-337-2016,
Orlan Stathers,ostathers74@hud.gov,138.115.141.94,916-258-6816,95813
Mickey Hews,mhews75@google.co.jp,57.234.120.15,409-928-5693,7020
Ava Jojic,ajojic76@youtube.com,65.96.160.64,682-790-5250,4560-750
 ,,,872-155-0456,
 ,,,998-111-6615,
Aluin Collcutt,acollcutt79@odnoklassniki.ru,221.66.81.61,793-182-8188,350 02
Simone Lucien,slucien7a@xing.com,104.113.115.207,602-401-8318,
Ram Trowell,rtrowell7b@hatena.ne.jp,216.112.85.60,957-329-5512,
Leelah Brunker,lbrunker7c@mysql.com,167.71.94.15,529-571-8269,918
Carney Bulteel,cbulteel7d@fastcompany.com,186.202.215.230,473-180-8805,
 ,,,419-877-8621,579-8066
Noak Minett,nminett7f@nyu.edu,133.87.69.39,472-323-9524,7040
Wilie Donati,wdonati7g@odnoklassniki.ru,249.216.13.223,454-589-8685,4753
 ,,,769-127-2041,
Danette Gavin,dgavin7i@unicef.org,42.147.215.210,597-686-4927,5717
Helen Jantel,hjantel7j@ft.com,226.42.99.251,531-713-8375,
Kesley Teresse,kteresse7k@cnn.com,59.249.233.56,813-934-1758,96799
 ,,,203-499-9277,6510
Holly Simenot,hsimenot7m@arstechnica.com,188.78.9.243,504-233-2871,70149
 ,,,527-916-5749,
Brandtr Hynde,bhynde7o@google.fr,221.175.6.134,997-776-3179,517 71
Rainer Conry,rconry7p@skype.com,216.116.118.118,622-632-8324,9885
Germayne Larose,glarose7q@blogspot.com,125.90.33.127,782-676-6944,522007
 ,,,923-965-5460,5460
Baldwin Bamling,bbamling7s@alexa.com,168.0.67.192,141-661-4952,152720
Fredek Arnaudon,farnaudon7t@ask.com,26.56.141.129,722-268-3388,93335 CEDEX
Bartholemy Fiander,bfiander7u@technorati.com,46.20.189.64,286-711-1491,
Samuele Hasson,shasson7v@indiegogo.com,237.53.95.129,219-838-4163,
Antonin McGawn,amcgawn7w@wikispaces.com,74.240.83.119,492-253-2879,
Jordain Purse,jpurse7x@gravatar.com,145.13.62.49,950-581-9410,
 ,,,302-752-2645,
Morry Dowell,mdowell7z@jugem.jp,152.32.58.253,920-289-7041,
Oona Jencey,ojencey80@1und1.de,164.176.119.81,356-334-7328,
Hettie Cudbird,hcudbird81@businesswire.com,234.178.172.60,128-771-4741,
Idalia Wilbud,iwilbud82@nsw.gov.au,203.144.219.66,609-589-2089,
Cord Ackenson,cackenson83@hp.com,172.165.94.146,790-482-3209,5005
Aeriel MacSwayde,amacswayde84@unesco.org,155.101.4.228,940-517-4838,94972 CEDEX 9
Vonni Crawshay,vcrawshay85@army.mil,254.152.61.152,907-464-9057,
Court Burcombe,cburcombe86@examiner.com,129.42.175.38,402-110-0865,
Christoper Agglione,cagglione87@businessweek.com,207.58.119.152,513-805-4985,739 14
Antoni Roarty,aroarty88@theguardian.com,171.64.19.111,782-762-0608,
Carin Pauer,cpauer89@gov.uk,209.160.220.139,172-638-8546,22180
Ami Lofts,alofts8a@apache.org,230.74.225.180,959-172-5331,
Cointon Rees,crees8b@addtoany.com,7.133.182.138,592-926-0930,8722
Merry Gahagan,mgahagan8c@hibu.com,109.203.51.189,664-366-3727,59258-000
Sherwynd Macklin,smacklin8d@xrea.com,203.232.233.37,705-316-3678,12500
Alanson Wildbore,awildbore8e@people.com.cn,189.58.10.106,310-538-7852,
Lauren Fennell,lfennell8f@kickstarter.com,70.166.127.148,902-935-3401,442 12
Terrel Berrie,tberrie8g@xrea.com,238.5.251.126,906-468-2704,
 ,,,928-773-4131,
Orsa Loachhead,oloachhead8i@imdb.com,140.213.179.246,438-942-1420,
Stern Kira,skira8j@lulu.com,224.229.104.150,147-296-2457,
Judah Easun,jeasun8k@studiopress.com,209.112.213.165,608-421-2435,2005
Conn Baudasso,cbaudasso8l@webs.com,132.117.42.42,923-180-6279,43-340
Maryanne Fredson,mfredson8m@sphinn.com,47.161.103.57,364-768-1483,
Pru Flippen,pflippen8n@cornell.edu,195.124.197.91,661-975-0455,36-221
Marietta Yanuk,myanuk8o@sbwire.com,109.196.14.98,338-779-3712,
Selie Esplin,sesplin8p@yelp.com,71.24.90.30,828-409-6558,
Teressa Alenichicov,talenichicov8q@theguardian.com,123.161.35.241,464-536-2360,
Emlyn Gillbe,egillbe8r@sina.com.cn,80.233.60.25,484-640-0955,1771
Jenni Allday,jallday8s@reference.com,101.172.243.129,434-963-2585,24515
Corella Wellwood,cwellwood8t@fema.gov,29.174.255.174,175-998-3045,
Matteo Finch,mfinch8u@soup.io,180.70.204.175,637-380-4068,
Gerladina Wanless,gwanless8v@sphinn.com,225.187.139.228,239-889-4667,51462
 ,,,127-135-7190,
Clayborn Makiver,cmakiver8x@woothemes.com,200.65.225.62,441-631-7285,
Cherianne Bazire,cbazire8y@admin.ch,136.39.181.183,778-371-2065,
Nettie Arndell,narndell8z@themeforest.net,149.225.53.110,567-690-4779,
Morse Flintoffe,mflintoffe90@creativecommons.org,105.78.246.48,972-957-5167,75342
Nessie Mulvihill,nmulvihill91@auda.org.au,167.34.6.194,253-764-1311,98442
Andriana Barwick,abarwick92@redcross.org,67.115.170.181,863-632-4327,
Phillip Belsham,pbelsham93@google.co.jp,209.236.104.10,234-797-5729,52857
Nelia Bondley,nbondley94@narod.ru,84.252.10.207,812-238-2619,38440-000
Merline Scrammage,mscrammage95@tamu.edu,183.215.19.254,601-249-5744,841 08
Nissie Dofty,ndofty96@1688.com,32.102.143.254,637-183-6224,
Ancell Robus,arobus97@geocities.com,35.97.213.38,687-668-2757,
Stillman Besson,sbesson98@example.com,35.116.0.122,229-777-4476,
 ,,,420-220-5749,
Erina Barthelmes,ebarthelmes9a@360.cn,37.123.83.58,238-629-7818,162 55
Nelli Wolstenholme,nwolstenholme9b@fastcompany.com,121.55.249.11,428-850-3603,27-440
Myrilla Side,mside9c@elpais.com,119.78.46.175,861-741-1052,
Anna-maria Vern,avern9d@rakuten.co.jp,68.6.117.119,466-549-6160,
Pyotr Belshaw,pbelshaw9e@mlb.com,138.137.99.255,908-182-5138,78975-000
Richart Bletcher,rbletcher9f@about.com,70.216.211.154,102-346-8592,
Dominic Drinkel,ddrinkel9g@tinypic.com,198.96.118.84,908-124-0659,
Johan Gofton,jgofton9h@mozilla.org,175.84.58.187,860-366-5764,
Joseito Gaul,jgaul9i@msu.edu,88.124.41.151,465-387-1573,
 ,,,993-338-8321,15350-000
Francyne Brager,fbrager9k@woothemes.com,110.146.130.33,108-445-1363,
Mariejeanne Wellan,mwellan9l@marriott.com,165.142.210.151,595-972-5207,8006
Tedmund Jukes,tjukes9m@amazon.co.uk,161.199.207.35,370-763-2363,
Rhiamon Gilman,rgilman9n@stumbleupon.com,106.177.241.159,505-492-1990,
Stanislas Turpey,sturpey9o@stanford.edu,252.254.30.1,206-987-2037,29216
Bibbie Alwell,balwell9p@yelp.com,214.153.178.196,116-427-6227,
Orlando Ricardot,oricardot9q@sciencedirect.com,187.162.199.102,245-336-2812,
Pincas Rous,prous9r@springer.com,215.201.161.17,431-834-2924,
 ,,,451-868-9106,
Cecilia Briand,cbriand9t@ning.com,13.153.32.84,238-943-3402,
Gates Wakelin,gwakelin9u@cocolog-nifty.com,65.73.89.191,308-281-0265,7103
Stephani Graveson,sgraveson9v@squarespace.com,139.191.193.77,898-459-3125,79800-000
Ariela Rigler,arigler9w@ucoz.ru,254.120.144.222,533-828-1757,
Elyse Pretious,epretious9x@cafepress.com,180.38.218.38,224-940-3022,23206
Valeria Sawter,vsawter9y@unesco.org,153.212.12.112,761-128-6776,
Sileas Ayrs,sayrs9z@ted.com,106.121.153.246,205-602-8148,40678
Cherey Moncaster,cmoncastera0@ezinearticles.com,114.199.28.215,500-174-0829,5311
Kirstin Canaan,kcanaana1@economist.com,145.15.123.76,380-468-9496,79104 CEDEX
Fin Betton,fbettona2@earthlink.net,251.21.166.195,103-487-8814,
Son Clara,sclaraa3@constantcontact.com,170.243.182.89,723-595-4778,10807
Noemi Stops,nstopsa4@economist.com,205.76.183.143,485-887-7006,
Arvie O'Leahy,aoleahya5@msu.edu,150.138.24.145,159-872-9675,
Aimee Lavigne,alavignea6@cocolog-nifty.com,234.48.19.77,871-913-8959,2900
Ginnie Olman,golmana7@dell.com,59.31.205.148,236-946-8990,
Lewie Nickoles,lnickolesa8@vinaora.com,55.35.145.223,869-558-3104,111711
Adiana Hamly,ahamlya9@wired.com,113.55.127.113,687-714-3993,
Kerwinn Bolingbroke,kbolingbrokeaa@goodreads.com,255.65.93.196,252-229-0123,
Ilka Shanley,ishanleyab@4shared.com,24.78.154.152,409-584-2743,
Cointon Standen,cstandenac@desdev.cn,238.137.235.21,258-688-9435,353539
Anallese Hallows,ahallowsad@people.com.cn,62.211.140.157,448-925-4324,14270-000
Terri-jo Lilleman,tlillemanae@is.gd,206.197.77.48,898-819-2754,
Kaylyn Speariett,kspeariettaf@so-net.ne.jp,226.146.15.193,598-396-7218,37281
Deanna D'Adda,ddaddaag@state.tx.us,182.246.137.64,377-691-6309,
Ashbey Trotton,atrottonah@about.me,16.68.228.194,641-122-3722,
Michel Caisley,mcaisleyai@alexa.com,221.162.132.104,118-684-3582,606860
Yorker Lewcock,ylewcockaj@oakley.com,161.192.183.215,625-857-0918,623509
Adah Le Frank,alefrankak@hao123.com,235.174.168.25,967-515-0531,621 22
Jaime Chellingworth,jchellingworthal@rediff.com,58.43.70.189,180-994-0553,
 ,,,651-344-3922,
Edeline Dredge,edredgean@soup.io,127.149.84.201,883-240-1692,
Bernhard Lavery,blaveryao@si.edu,122.210.249.53,285-477-5605,3720-546
Emylee Stollwerck,estollwerckap@weather.com,171.6.241.134,172-513-1544,95880-000
Susanna Sibley,ssibleyaq@oaic.gov.au,160.156.247.213,987-987-1945,
Benny Brosenius,bbroseniusar@icq.com,10.224.251.187,861-648-6040,1699
Raven Fulep,rfulepas@a8.net,132.141.3.151,187-691-8902,
 ,,,801-179-1726,
Sabine Konert,skonertau@quantcast.com,133.109.235.243,723-430-2072,507 13
Rosalynd Jamson,rjamsonav@netvibes.com,185.13.216.237,329-440-5533,
Reba Hawken,rhawkenaw@google.com.br,173.244.246.19,272-811-0097,
Fabien Clowser,fclowserax@last.fm,127.182.69.173,541-196-4259,
Lynnett Doughill,ldoughillay@earthlink.net,122.183.254.104,756-508-2622,
Ardith Fosbraey,afosbraeyaz@blog.com,151.106.249.209,122-229-5644,790 70
Augustine Ferreo,aferreob0@prweb.com,71.244.238.241,753-479-7083,5420
Rozanne Reschke,rreschkeb1@hud.gov,203.55.248.253,383-989-2869,
Stormi Wilkennson,swilkennsonb2@hibu.com,92.223.232.117,607-898-6329,77-310
Edmund De Dantesie,ededantesieb3@ameblo.jp,39.9.28.153,683-680-9034,
Denys Couche,dcoucheb4@cocolog-nifty.com,161.164.85.31,614-776-1706,309999
Ramon Rudgley,rrudgleyb5@newyorker.com,28.175.44.198,212-921-4433,
Katrina Gregore,kgregoreb6@statcounter.com,119.136.146.213,823-342-7774,82-230
Luce Leverson,lleversonb7@mashable.com,227.253.35.243,699-565-3324,5203
Godfrey Cappineer,gcappineerb8@europa.eu,13.226.15.76,831-863-3767,N8V
Nickola Knowlden,nknowldenb9@archive.org,49.30.140.245,433-810-8920,
Issi Feldberger,ifeldbergerba@nps.gov,244.115.49.211,368-362-7904,
Rodrigo Gaytor,rgaytorbb@ameblo.jp,240.67.8.243,911-324-0495,
Lucilia Faragan,lfaraganbc@craigslist.org,114.36.37.2,401-835-5003,769-2101
Marjorie Bodycote,mbodycotebd@ft.com,19.123.19.247,483-186-0342,35680-000
Lewiss Coldham,lcoldhambe@paypal.com,5.188.253.51,606-371-4539,
Charmane Knotte,cknottebf@google.co.uk,179.171.73.73,388-624-9697,788 20
Roanne Batey,rbateybg@dailymail.co.uk,199.228.93.39,324-444-1211,
Micky Manuelli,mmanuellibh@booking.com,216.76.227.79,262-852-5885,62421
Glynn Gumm,ggummbi@vkontakte.ru,94.235.0.24,814-697-1781,1112
Dexter Strangeway,dstrangewaybj@virginia.edu,164.34.166.93,558-206-4968,
Ediva Gookey,egookeybk@dailymotion.com,25.233.4.14,317-373-0849,75321 CEDEX 07
Jillie Senechault,jsenechaultbl@reuters.com,203.204.103.154,888-842-7729,
Eddy Wight,ewightbm@twitter.com,118.147.130.79,166-729-6165,24140
Valentine Claire,vclairebn@gmpg.org,104.215.247.1,340-374-4804,
Paule Sedgebeer,psedgebeerbo@fc2.com,190.74.120.80,626-929-1289,
Creighton Weedon,cweedonbp@cornell.edu,101.175.195.33,501-259-1357,2510-515
Michel Beeswing,mbeeswingbq@blog.com,136.250.98.241,109-791-8606,4510
 ,,,166-701-6397,68660
Piotr Laviss,plavissbs@abc.net.au,113.158.140.210,870-583-1912,76140
Doralynn Skeleton,dskeletonbt@guardian.co.uk,50.49.114.188,350-263-6596,58800-000
Melania Lutas,mlutasbu@wired.com,104.152.203.145,694-853-0285,
Rayshell Arbuckle,rarbucklebv@buzzfeed.com,136.216.76.228,405-501-6212,
Michele McCloid,mmccloidbw@npr.org,89.68.248.124,658-769-6093,
Mavis Crofthwaite,mcrofthwaitebx@t-online.de,101.231.31.45,689-869-0158,385765
Stepha Waldera,swalderaby@google.com,173.17.36.43,221-442-3321,
Nicolas Dewhirst,ndewhirstbz@army.mil,211.100.49.71,998-126-5736,
Lotti Gullam,lgullamc0@kickstarter.com,33.183.33.80,923-833-8408,87-207
Nannette Culmer,nculmerc1@stumbleupon.com,87.26.187.9,453-603-2074,
Dominique Kusick,dkusickc2@sciencedaily.com,6.125.205.43,825-583-5480,
Pansie Tatlow,ptatlowc3@creativecommons.org,8.96.102.217,527-791-2970,
Sheba Kingzet,skingzetc4@ibm.com,53.170.96.111,367-926-4138,
Putnam McKnish,pmcknishc5@prnewswire.com,97.196.170.148,954-673-6705,
Mitch Skentelbury,mskentelburyc6@addthis.com,243.9.200.112,861-292-0023,
 ,,,142-370-0563,
Kerr Densell,kdensellc8@redcross.org,6.102.68.14,935-446-7934,
Kasper Shemming,kshemmingc9@mapy.cz,0.10.88.177,754-790-4868,28860-000
Hamel Blaes,hblaesca@eepurl.com,152.244.209.54,807-306-5553,2425-839
Blake Line,blinecb@hostgator.com,17.223.10.76,101-215-9426,
Killy Syrad,ksyradcc@scribd.com,80.202.186.243,297-270-1691,
Gilli Endicott,gendicottcd@tinyurl.com,185.161.67.168,692-443-9588,747 27
Felizio Sanper,fsanperce@imdb.com,221.139.23.119,403-543-6410,
Bartholemy Allott,ballottcf@twitpic.com,203.29.122.74,102-141-6433,6028
Kenton Weson,kwesoncg@comsenz.com,60.93.37.197,704-312-2773,4751
Clemente Bunworth,cbunworthch@parallels.com,11.248.50.243,795-576-2873,
Susi Skarr,sskarrci@cpanel.net,170.200.47.202,324-186-1802,
Clyve Pietzke,cpietzkecj@nifty.com,194.158.90.169,878-106-7969,
Octavia Jansens,ojansensck@dropbox.com,34.246.125.112,373-838-4782,
Oliver Welberry,owelberrycl@omniture.com,140.112.4.146,118-465-6477,11511
Giorgi Saben,gsabencm@spotify.com,19.254.37.134,455-260-7877,
Karlis Casemore,kcasemorecn@livejournal.com,45.6.80.93,419-875-8857,
Wendi Filippyev,wfilippyevco@purevolume.com,41.24.160.97,679-703-2617,392558
Lanette Belle,lbellecp@istockphoto.com,5.130.71.198,424-594-2665,
Jeremias Caslett,jcaslettcq@tumblr.com,35.62.83.75,497-341-1121,15002
 ,,,108-718-0871,3081
 ,,,874-912-5683,
Trueman Hayland,thaylandct@vimeo.com,196.30.67.225,559-566-5586,93726
Orlando Rosser,orossercu@cloudflare.com,146.25.36.115,425-922-4300,7000
 ,,,591-158-6800,294 37
Bay Cardon,bcardoncw@about.me,231.103.233.237,538-614-4299,
 ,,,254-460-8442,303320
Giles Sellman,gsellmancy@amazon.co.uk,170.113.180.4,677-690-6010,
 ,,,345-652-2267,35914 CEDEX 9
Huntley Leil,hleild0@netvibes.com,64.56.16.209,464-403-0166,
Humfrey Storror,hstorrord1@amazon.co.uk,96.46.147.39,442-526-5390,
Ambrosius Parcell,aparcelld2@weather.com,137.130.163.176,389-974-4287,
Rosco Sully,rsullyd3@jigsy.com,3.237.27.141,204-449-0665,
Roderick Tomasino,rtomasinod4@nps.gov,235.116.43.163,802-301-5704,
Marcel Elam,melamd5@t-online.de,32.71.110.117,714-575-8801,
Tynan Ickovicz,tickoviczd6@twitter.com,130.135.36.69,180-570-7757,
Robinet Coite,rcoited7@wufoo.com,221.141.186.106,301-911-6834,404264
Amabel Scottesmoor,ascottesmoord8@ibm.com,180.72.39.57,845-318-8980,
 ,,,893-957-8461,6401
Lilas Aldcorn,laldcornda@yellowpages.com,236.219.101.188,617-837-7413,
Chester Fitzsimmons,cfitzsimmonsdb@spiegel.de,55.87.245.155,324-900-5382,40340
Krystalle Petricek,kpetricekdc@sohu.com,114.119.173.119,621-375-6874,
 ,,,942-878-9972,
Anne-marie Alison,aalisonde@naver.com,224.119.10.29,985-495-8612,
Marcille Gabby,mgabbydf@npr.org,223.64.131.2,263-374-2514,
Cecilio Gilyott,cgilyottdg@skype.com,215.86.230.154,965-282-4155,4751
Filberto Glendinning,fglendinningdh@sogou.com,49.55.214.70,368-483-7924,881 52
Jereme Edlyn,jedlyndi@oaic.gov.au,18.172.60.31,329-473-9610,
Cecily Dainter,cdainterdj@ucoz.com,235.0.214.217,801-373-8050,
Iggy Huniwall,ihuniwalldk@weather.com,183.226.38.69,309-492-1620,20010
Bob Simcock,bsimcockdl@ezinearticles.com,189.185.75.223,386-956-3767,
Boycie Dalziell,bdalzielldm@quantcast.com,160.146.26.2,671-315-7835,2540-006
Julietta Blomfield,jblomfielddn@google.co.jp,46.107.104.244,926-588-1280,
Margeaux Magnar,mmagnardo@quantcast.com,241.124.232.206,178-536-9376,238158
Julianna Polotti,jpolottidp@smugmug.com,253.134.46.228,219-370-3293,
Agace Officer,aofficerdq@jimdo.com,224.99.47.229,422-263-5529,
Vanna Neagle,vneagledr@nsw.gov.au,62.202.134.172,469-206-9025,674050
 ,,,558-453-7969,
Christine Vardey,cvardeydt@bravesites.com,233.130.4.7,968-639-4769,34536 CEDEX
Geraldine Guerro,gguerrodu@un.org,90.39.172.191,637-659-8496,7900-551
Mia Easson,meassondv@purevolume.com,85.238.23.242,530-792-3120,
Hymie Pocklington,hpocklingtondw@tumblr.com,131.228.173.82,889-370-3035,64044 CEDEX
Flynn Lappine,flappinedx@addthis.com,248.148.186.151,206-354-7604,531 52
Gillian Beebe,gbeebedy@reuters.com,189.186.110.177,596-652-5877,
Almira Cheyenne,acheyennedz@imageshack.us,69.115.185.211,889-408-6860,
Scarface Riehm,sriehme0@army.mil,49.229.233.177,538-392-5155,
Amos Such,asuche1@reddit.com,203.27.210.123,747-941-7647,252257
Christin Aspinal,caspinale2@yellowpages.com,4.72.75.248,908-421-7228,
Zerk Lilian,zliliane3@foxnews.com,146.165.36.211,976-502-9172,37550-000
Eadmund Summerlee,esummerleee4@tinypic.com,79.32.157.154,833-252-2943,
Bevon Stockport,bstockporte5@guardian.co.uk,22.134.180.95,948-763-0853,1291
Hestia Ginnane,hginnanee6@google.fr,87.142.186.37,876-809-4116,76883 CEDEX
Ahmad Bowater,abowatere7@people.com.cn,56.154.138.202,322-493-4877,43-229
Nolana Clemont,nclemonte8@wisc.edu,176.250.71.26,253-683-7965,
Rae Shewery,rshewerye9@opera.com,87.226.77.183,729-808-1823,
 ,,,448-930-2538,339-0061
Ardine Bodega,abodegaeb@salon.com,29.170.177.121,630-214-1561,696 19
Curcio Dimitriev,cdimitrievec@fotki.com,131.253.60.163,563-456-6532,6201
Perren Kidgell,pkidgelled@yellowbook.com,185.234.234.248,233-909-8790,175100
Leopold Allder,lallderee@i2i.jp,39.96.65.144,789-777-2625,
Denys Brownscombe,dbrownscombeef@ehow.com,17.197.103.25,245-888-8990,
Mindy Clemerson,mclemersoneg@jugem.jp,237.84.214.164,387-652-0919,427645
Sherwin Ghest,sghesteh@google.es,101.91.86.141,258-630-0479,
Larissa Shipley,lshipleyei@dedecms.com,68.73.162.144,784-722-0692,
Cristin Coggill,ccoggillej@ocn.ne.jp,45.42.92.31,988-154-9215,91815 CEDEX
Barton Wiersma,bwiersmaek@squarespace.com,140.173.131.187,997-114-6793,
Chariot Firby,cfirbyel@gravatar.com,212.142.7.189,893-811-4477,1219
 ,,,402-153-9702,347639
Veriee Schafer,vschaferen@godaddy.com,110.20.65.101,543-642-7783,601964
Gibbie Hedney,ghedneyeo@ihg.com,146.81.181.222,251-719-6051,828 25
Noel Petera,npeteraep@drupal.org,32.106.209.24,206-846-0275,
 ,,,793-162-2609,
Kenyon Parlott,kparlotter@oaic.gov.au,181.27.235.167,475-507-9565,
Kevyn Yakobowitz,kyakobowitzes@yellowpages.com,161.89.98.74,147-959-1382,442830
Maridel Giottini,mgiottiniet@dmoz.org,18.188.13.31,659-586-4071,5602
Izzy Vayne,ivayneeu@weibo.com,75.51.50.0,242-980-4031,
Tallou Bluck,tbluckev@yahoo.com,49.168.2.48,147-765-7069,
Fredek Castle,fcastleew@technorati.com,51.201.252.101,978-968-4552,782
Perry Bottini,pbottiniex@xing.com,120.222.182.22,985-297-3414,4122
Alard McGow,amcgowey@hhs.gov,89.21.186.203,858-481-1814,
Webster Purdey,wpurdeyez@163.com,66.131.189.140,138-955-2834,4405
Tamera Pittendreigh,tpittendreighf0@sbwire.com,88.211.57.14,927-243-3576,F23
Catherina Ferenczy,cferenczyf1@about.com,226.214.201.67,819-816-1667,623506
Gael Sapwell,gsapwellf2@answers.com,228.28.34.15,733-600-1068,62-280
Richart Sindell,rsindellf3@wikispaces.com,43.186.48.204,944-633-7249,142720
Eyde Mc Carroll,emccarrollf4@studiopress.com,71.223.189.80,871-859-2045,413545
Trev Crocetto,tcrocettof5@webnode.com,62.107.205.254,849-236-7691,
Mada Mougeot,mmougeotf6@sina.com.cn,51.211.10.156,840-626-2432,4214
 ,,,561-674-7654,
Charlotte Morsom,cmorsomf8@ebay.co.uk,181.52.227.81,400-348-0374,
 ,,,652-583-2298,
Eddy Gyngell,egyngellfa@example.com,182.31.178.136,881-158-9391,
Jammal Cherrie,jcherriefb@redcross.org,249.45.152.130,450-920-9511,5552
Katha Glazyer,kglazyerfc@typepad.com,172.102.21.196,134-130-8578,634003
Waylin Nickell,wnickellfd@mapquest.com,34.19.88.75,465-503-5772,
Abe Claibourn,aclaibournfe@bloglovin.com,181.10.159.201,553-307-3519,
Darcy Rennenbach,drennenbachff@yelp.com,60.156.72.3,809-340-7133,
 ,,,353-919-1834,756 12
Kendell Bartolomucci,kbartolomuccifh@gravatar.com,223.97.151.230,348-768-0715,5033
Axe Dade,adadefi@deliciousdays.com,178.136.182.20,633-379-2307,
Von Pecey,vpeceyfj@qq.com,30.125.248.6,649-795-9965,2011
Leese Dunphy,ldunphyfk@taobao.com,131.78.190.80,982-119-2048,44720-000
Niven Dulake,ndulakefl@theguardian.com,253.201.20.0,180-391-9928,9405
Aindrea Lowrance,alowrancefm@noaa.gov,235.153.3.166,584-192-2851,
Valentia Chansonnau,vchansonnaufn@omniture.com,113.112.200.84,930-377-2770,V9C
Clarette Pardal,cpardalfo@elegantthemes.com,45.11.32.126,585-748-1815,
Laurence Pic,lpicfp@phoca.cz,239.149.15.67,496-204-8647,999-8242
Alida Anthonsen,aanthonsenfq@github.io,175.204.62.8,980-209-0613,67150
Marys Riste,mristefr@unblog.fr,253.28.113.178,373-421-9597,
Brocky Andreutti,bandreuttifs@cocolog-nifty.com,208.167.214.236,312-897-6767,97001
Galina Clist,gclistft@nyu.edu,60.246.181.82,652-100-9926,
Anthiathia Ethersey,aetherseyfu@telegraph.co.uk,53.109.101.13,404-536-7055,30358
Katerine Charkham,kcharkhamfv@phpbb.com,141.110.116.216,479-908-8879,51054 CEDEX
Sena Leed,sleedfw@wp.com,188.22.39.155,960-606-7212,
Kara-lynn Cockram,kcockramfx@google.co.uk,13.154.228.27,254-372-9033,65011
Urbano Hansford,uhansfordfy@opensource.org,240.252.255.6,400-281-7149,55515-000
Rebekkah Swidenbank,rswidenbankfz@cdbaby.com,120.5.46.111,883-595-0387,
 ,,,441-656-2785,
Demeter Dallaway,ddallawayg1@cbsnews.com,188.112.81.208,915-136-7462,
Marlyn McCleverty,mmcclevertyg2@163.com,23.213.90.29,604-223-1399,
Eadmund Oatley,eoatleyg3@g.co,51.243.69.25,243-237-2387,
Kristofer Phetteplace,kphetteplaceg4@washingtonpost.com,202.128.38.222,131-253-2498,
 ,,,921-403-9168,81017 CEDEX 9
Ody MacFadden,omacfaddeng6@angelfire.com,160.156.193.120,346-102-5739,96970
 ,,,649-324-2202,678214
 ,,,528-708-7684,
Lauritz Hebditch,lhebditchg9@umich.edu,246.95.137.161,597-108-8496,
Lethia Beccero,lbecceroga@shareasale.com,89.172.98.139,678-410-5697,249849
Ignatius Tomblett,itomblettgb@home.pl,34.70.199.223,978-662-8586,
Joseph Jozsika,jjozsikagc@stumbleupon.com,35.237.28.251,720-908-2402,
Kingsley Parslow,kparslowgd@devhub.com,52.167.231.140,993-708-5344,
Wait Trattles,wtrattlesge@cargocollective.com,166.36.158.189,650-627-3683,
Biddy Derham,bderhamgf@nhs.uk,63.60.22.38,930-154-3608,
Em Klimentov,eklimentovgg@acquirethisname.com,8.140.140.18,151-115-3926,6230
Jenn Murdy,jmurdygh@epa.gov,196.193.49.7,339-111-7951,
Lea Balaisot,lbalaisotgi@ocn.ne.jp,211.79.245.171,230-199-6280,4805-081
Sylvan Haythornthwaite,shaythornthwaitegj@springer.com,109.154.178.15,256-876-7652,56700-000
 ,,,809-690-2073,
Cal Measham,cmeashamgl@bloglovin.com,140.65.246.95,427-980-7500,63807
James Catterson,jcattersongm@studiopress.com,27.119.238.223,697-916-7936,
Ofella Flea,ofleagn@deliciousdays.com,61.245.111.85,921-501-1119,9960
Shaina Fingleton,sfingletongo@nsw.gov.au,91.253.34.246,709-420-7963,
Ronnie Garnar,rgarnargp@scientificamerican.com,136.236.204.176,778-800-8914,
Rosie Capehorn,rcapehorngq@shinystat.com,150.102.223.140,552-630-8041,N2A
Engelbert Midlane,emidlanegr@infoseek.co.jp,78.76.177.220,580-734-9731,
 ,,,291-152-9105,
Marmaduke Minchinton,mminchintongt@scientificamerican.com,112.188.147.253,194-953-2177,S6W
Mylo Haglinton,mhaglintongu@nydailynews.com,5.81.248.65,702-656-2722,89155
Sharleen Harsnep,sharsnepgv@kickstarter.com,252.28.230.243,894-267-8024,
Idelle Gronno,igronnogw@barnesandnoble.com,88.92.71.154,392-290-6752,4770-073
 ,,,777-430-0365,17044 CEDEX 1
Dawna Onion,doniongy@engadget.com,139.112.127.135,576-359-3832,43645
Nari Bridgestock,nbridgestockgz@jugem.jp,126.154.186.32,124-647-9572,5516
Lynda De Carolis,ldecarolish0@ifeng.com,130.29.115.112,965-640-4866,2500-370
Hubert Dumphy,hdumphyh1@t.co,28.100.122.85,167-344-4466,
Charisse Liddington,cliddingtonh2@gov.uk,163.156.37.145,820-276-6462,3070-385
Sherwynd MacFarland,smacfarlandh3@china.com.cn,159.90.226.43,150-363-7651,N0K
Jayson Ghelarducci,jghelarduccih4@shareasale.com,133.55.161.191,750-334-6032,
Clarine Farfalameev,cfarfalameevh5@blinklist.com,87.187.73.214,242-530-1933,
Lizzy Gillanders,lgillandersh6@seesaa.net,153.64.119.129,575-460-2933,
Nancie Licquorish,nlicquorishh7@fotki.com,24.167.137.83,780-298-9234,
Marietta Tong,mtongh8@posterous.com,19.39.101.136,795-623-2829,37600
Nickolaus Stileman,nstilemanh9@blog.com,163.227.13.67,778-581-1461,21260
Regen Gingles,rginglesha@ameblo.jp,9.254.72.131,913-778-9871,42-256
Osborne Muglestone,omuglestonehb@trellian.com,79.87.118.173,194-344-7090,B2J
Zachariah Almon,zalmonhc@mac.com,174.191.194.197,284-533-0401,
Raf Croisdall,rcroisdallhd@globo.com,148.248.73.164,603-745-5941,4135
Thacher Dei,tdeihe@walmart.com,15.75.95.0,419-570-3369,B2G
Birdie Dreus,bdreushf@prlog.org,173.65.127.135,440-687-9733,
Maiga Purvey,mpurveyhg@salon.com,88.138.54.25,389-331-2561,
Rainer Enns,rennshh@walmart.com,26.122.75.210,427-197-5415,
Donny Pilling,dpillinghi@1und1.de,70.151.240.176,862-186-6928,
Hyacinthe Drewery,hdreweryhj@addthis.com,21.176.103.59,907-284-4657,45960-000
Edsel Alibone,ealibonehk@cbsnews.com,180.254.127.203,984-687-9108,
Angy Chrishop,achrishophl@typepad.com,238.199.37.116,760-302-1601,154667
Corrina Pilkinton,cpilkintonhm@addtoany.com,154.15.8.45,482-538-5953,
Lou Mathison,lmathisonhn@cyberchimps.com,237.61.216.193,212-768-6238,10131
Conrado Youle,cyouleho@fc2.com,4.215.253.209,314-262-4806,
Lucy Abberley,labberleyhp@icq.com,27.55.242.240,492-534-3712,4990-600
Daria Tax,dtaxhq@mail.ru,25.213.42.22,535-956-8580,96900-000
Trix Cuppitt,tcuppitthr@yellowbook.com,155.77.90.182,804-152-9165,
Eddy Plain,eplainhs@yellowbook.com,99.16.176.191,435-164-0963,3070-385
Christa Tolan,ctolanht@guardian.co.uk,219.5.91.151,311-975-7954,798 06
Keelia Ranyell,kranyellhu@virginia.edu,173.170.113.208,998-355-4809,
Teddi Abramson,tabramsonhv@digg.com,182.215.51.159,916-109-0124,366526
Celeste Quinane,cquinanehw@narod.ru,193.58.6.134,463-771-2506,56110
Fred Smeaton,fsmeatonhx@discovery.com,221.177.156.170,196-192-0326,364 52
 ,,,283-369-7265,
 ,,,790-287-4083,
Claiborn Hardwicke,chardwickei0@youku.com,73.195.53.209,156-806-1941,
Fredrick Pickersgill,fpickersgilli1@trellian.com,139.107.150.8,869-460-3762,77895-000
Zoe Altree,zaltreei2@who.int,124.191.35.174,420-571-4410,2202
Sherrie Wetherill,swetherilli3@kickstarter.com,248.207.167.88,282-974-7667,
Zea Wingar,zwingari4@tamu.edu,208.162.69.6,202-762-7410,
Alastair Dudgeon,adudgeoni5@theatlantic.com,114.27.171.31,388-981-8593,50120
Wynny Gell,wgelli6@paypal.com,66.207.107.44,785-679-5325,4806
Kent Measen,kmeaseni7@unesco.org,124.223.169.244,870-832-4564,
De Greenhead,dgreenheadi8@cornell.edu,242.88.124.51,636-912-8664,83501
Orazio Filewood,ofilewoodi9@cam.ac.uk,74.166.170.100,908-900-0340,
Robers Ruske,rruskeia@opensource.org,60.164.223.15,848-233-9035,142817
Tamra Sangra,tsangraib@dion.ne.jp,55.26.212.216,614-730-3266,
Humphrey Shickle,hshickleic@fema.gov,4.230.251.81,815-881-3883,183 83
Diane-marie Rodolf,drodolfid@samsung.com,14.218.207.189,726-454-5677,
Devy Maddrah,dmaddrahie@cloudflare.com,163.184.220.92,339-695-6719,
Ertha Stathor,estathorif@npr.org,60.10.89.87,449-528-7276,5614
Jana Blaxton,jblaxtonig@eepurl.com,246.61.23.235,414-797-5905,
Korney Allawy,kallawyih@aboutads.info,186.26.170.70,298-366-9672,
Mag Stiff,mstiffii@stumbleupon.com,116.236.219.233,574-953-5073,3400-548
Der Mugg,dmuggij@cnn.com,151.131.160.221,828-608-6815,366041
Catha Lenchenko,clenchenkoik@irs.gov,43.186.125.168,282-150-8220,59680-000
Dennet Larimer,dlarimeril@goodreads.com,57.246.104.5,997-489-9793,
Emory Alyonov,ealyonovim@twitpic.com,96.200.12.131,672-470-9596,2423
Claresta Zahor,czahorin@yahoo.com,75.13.250.119,956-859-5743,
 ,,,714-285-2485,702 16
Yolanthe Mollen,ymollenip@ifeng.com,161.254.134.5,776-389-9700,07700-000
Lorin Colliver,lcolliveriq@purevolume.com,85.28.1.165,592-718-7304,8019
Stephanie MacNockater,smacnockaterir@typepad.com,238.230.131.177,467-926-5794,
Ignacius Metzel,imetzelis@google.nl,227.47.236.52,254-532-9035,
Gae Skeggs,gskeggsit@scientificamerican.com,120.230.236.21,330-143-8388,
Amaleta Cardis,acardisiu@feedburner.com,249.28.227.17,787-195-1556,20520
 ,,,434-320-3904,97283 CEDEX 1
Glennie Lowles,glowlesiw@latimes.com,213.76.100.117,277-749-5339,
Gearard Westrope,gwestropeix@cnet.com,129.239.12.246,589-860-2455,
Dillie Pimme,dpimmeiy@bravesites.com,113.196.123.93,154-344-5844,
Baxie Hentzeler,bhentzeleriz@cnet.com,21.171.99.180,762-777-4289,116 63
Jada Menear,jmenearj0@google.com.br,77.116.87.137,320-463-7752,
Roland Paulot,rpaulotj1@telegraph.co.uk,119.223.172.169,238-979-6636,
Ephrem Chaudhry,echaudhryj2@alibaba.com,36.74.103.108,143-283-1827,157460
Shea Rodd,sroddj3@census.gov,27.97.26.35,431-919-7268,6594
Elvira Ryan,eryanj4@ifeng.com,158.191.190.14,903-102-6482,
Xever Raden,xradenj5@de.vu,80.101.55.131,626-526-9273,3730
Marne Beagrie,mbeagriej6@drupal.org,95.41.42.123,544-650-8822,
 ,,,788-584-6488,
Gabbi Dykas,gdykasj8@youku.com,164.167.57.85,749-433-0556,
Persis McNirlan,pmcnirlanj9@cloudflare.com,181.163.79.173,341-459-9145,
Alessandra Hilary,ahilaryja@webmd.com,226.69.143.112,751-826-2069,3364
 ,,,418-620-1678,
Boothe Gaskell,bgaskelljc@usnews.com,243.222.210.110,859-337-1204,
Rodney Challis,rchallisjd@auda.org.au,234.4.22.27,485-399-6990,
Agnese Hebbs,ahebbsje@cmu.edu,72.210.6.163,384-594-0208,6821
Selma Blues,sbluesjf@digg.com,31.85.178.4,347-332-5398,
Kimmi De Bell,kdebelljg@bing.com,114.245.170.155,337-326-8605,162 50
Guthrey Tidridge,gtidridgejh@storify.com,10.25.217.54,489-839-5011,91130
Javier Bage,jbageji@mapquest.com,249.8.158.214,319-959-2027,35180-000
Kathi Atcherley,katcherleyjj@alexa.com,98.37.61.182,452-531-8190,
 ,,,806-372-4959,
Amata Swains,aswainsjl@hatena.ne.jp,189.112.6.76,215-843-9497,
Adelbert Bergstrand,abergstrandjm@admin.ch,20.134.16.187,436-487-2852,702 16
Donna Norwood,dnorwoodjn@techcrunch.com,199.82.40.113,697-497-0667,6671
Avivah Prue,apruejo@shinystat.com,184.132.212.82,951-109-4440,
Ambros Hardi,ahardijp@springer.com,35.134.11.142,906-643-6639,13155 CEDEX
Toddie Milham,tmilhamjq@drupal.org,189.240.25.109,279-184-2410,12251
 ,,,830-952-4807,
Gunter Willmett,gwillmettjs@chicagotribune.com,113.102.63.123,710-526-3371,
Jody Griffen,jgriffenjt@wsj.com,186.5.88.133,831-821-8818,95064
Ashby Willavize,awillavizeju@upenn.edu,185.239.85.132,525-198-4191,
Jerrilee Stilgoe,jstilgoejv@diigo.com,4.88.94.45,591-415-5779,74000
Coleman Burnapp,cburnappjw@eventbrite.com,175.106.233.186,254-498-1398,
Leelah Athow,lathowjx@barnesandnoble.com,16.235.68.42,749-747-7807,39400-000
Garvin Doeg,gdoegjy@exblog.jp,221.166.197.146,426-491-0799,
Stanford Ormiston,sormistonjz@e-recht24.de,159.207.206.186,950-328-6408,37-565
Lenee Hargrove,lhargrovek0@instagram.com,13.129.45.26,571-170-9662,20189
Emmalee Tett,etettk1@cpanel.net,49.101.76.86,270-304-6666,
Ingrim Vinas,ivinask2@mayoclinic.com,13.145.44.67,513-384-4099,240
Obed Woollaston,owoollastonk3@aol.com,236.41.15.225,493-309-1873,
Godiva Wrotchford,gwrotchfordk4@trellian.com,209.26.136.81,335-114-4127,601545
Brigham Sudlow,bsudlowk5@so-net.ne.jp,210.60.16.13,938-165-9607,
Wyndham Dew,wdewk6@clickbank.net,200.179.109.3,169-612-1378,39610-000
Rafaello Asple,rasplek7@examiner.com,92.10.141.230,381-730-2926,3130-199
 ,,,879-294-3003,3342
Harman Emma,hemmak9@weibo.com,140.54.161.249,799-522-2072,
Cindee Ebbers,cebberska@nature.com,216.246.208.164,222-512-4879,155252
Kay Paxeford,kpaxefordkb@biblegateway.com,46.107.90.17,295-854-1571,
Alexis Horsell,ahorsellkc@google.co.jp,39.144.189.36,271-121-0865,95560-000
Corbet Bloggett,cbloggettkd@ox.ac.uk,248.149.25.110,232-430-3709,
Cass Salaman,csalamanke@odnoklassniki.ru,17.77.16.45,722-735-2705,97188 CEDEX
Natalya Dubble,ndubblekf@nasa.gov,124.119.218.18,990-630-9110,
Tad Inger,tingerkg@trellian.com,71.198.29.188,221-807-3226,
Gunner Rudloff,grudloffkh@tinypic.com,143.150.53.122,254-772-1740,
Angelo Ximenez,aximenezki@vistaprint.com,11.229.107.3,421-423-4903,
Krispin Esmead,kesmeadkj@java.com,176.217.128.13,847-952-9383,60078
Goldi Stokoe,gstokoekk@deliciousdays.com,174.195.159.234,351-755-8378,2785-019
Phillipe Darlington,pdarlingtonkl@npr.org,80.39.115.83,648-732-8141,72-210
 ,,,356-127-7523,
Kincaid Derbyshire,kderbyshirekn@loc.gov,159.87.220.93,299-195-6282,
Harrietta Seaborn,hseabornko@cocolog-nifty.com,214.94.209.30,709-790-3452,
Doti Fuidge,dfuidgekp@ed.gov,114.226.234.9,711-981-2169,
Ettie Hadwick,ehadwickkq@fema.gov,204.152.133.2,603-594-4952,
Joni Jepps,jjeppskr@webnode.com,162.170.99.21,961-834-4403,
Caressa McTrustie,cmctrustieks@cbc.ca,179.235.184.73,517-552-6886,91020
Jessamine Abbs,jabbskt@irs.gov,205.60.24.191,752-978-4660,
Leonelle Richemond,lrichemondku@odnoklassniki.ru,74.69.7.45,345-402-3524,
Dione Bloomer,dbloomerkv@cdc.gov,135.252.9.203,968-586-5205,
Clemence Shevlan,cshevlankw@jigsy.com,172.165.232.179,440-211-4578,
Alick Tammadge,atammadgekx@bloomberg.com,48.222.111.87,287-872-0640,
Keefer Kern,kkernky@feedburner.com,167.248.197.16,916-244-3918,
Alli Gerardin,agerardinkz@aboutads.info,249.122.209.105,214-757-7141,75372
Ealasaid Ambage,eambagel0@state.gov,233.143.78.241,394-202-7714,592 01
Jorey Dominico,jdominicol1@usnews.com,154.33.214.115,861-197-5503,
Morgun Garvin,mgarvinl2@wikipedia.org,150.174.157.247,137-689-1874,319-1417
Klara Horsell,khorselll3@dot.gov,155.44.81.108,829-576-0964,10502
Katerine Dibbert,kdibbertl4@icio.us,118.179.16.240,604-857-6875,
 ,,,248-966-2842,396564
Neil Tunnicliffe,ntunnicliffel6@wordpress.com,219.107.181.125,585-715-3913,14609
Eolande Di Franceshci,edifranceshcil7@usa.gov,126.20.186.15,322-993-1329,341 42
Minni Rushton,mrushtonl8@meetup.com,64.103.155.211,391-301-1600,411 47
Elyn Rupprecht,erupprechtl9@indiegogo.com,62.121.246.36,762-190-2597,352177
Ronalda Whyman,rwhymanla@google.cn,176.254.50.167,460-594-0215,M2N
Merrick Bowley,mbowleylb@unc.edu,11.199.203.173,203-575-9691,65190
 ,,,817-584-3254,76121
 ,,,616-624-8403,503-0625
Axe Werlock,awerlockle@creativecommons.org,152.6.200.58,826-389-9657,
Jefferson Eyckelbeck,jeyckelbecklf@pbs.org,186.17.3.129,339-850-5393,
Solomon Gwilym,sgwilymlg@narod.ru,60.36.21.239,507-739-1318,
 ,,,944-662-8594,
Hyacinthie Pitney,hpitneyli@skyrock.com,26.237.201.225,510-150-3692,188918
Fara Fromant,ffromantlj@163.com,255.106.42.47,677-677-1182,60006 CEDEX
Odette Ciciura,ociciuralk@howstuffworks.com,115.106.24.125,631-272-1485,
Berkeley Knevet,bknevetll@technorati.com,232.41.170.20,157-241-5244,440 01
 ,,,465-537-6429,11990-000
Aileen Sked,askedln@techcrunch.com,69.54.7.124,917-885-3432,
Orren Hurleston,ohurlestonlo@yellowbook.com,250.153.251.157,459-590-8403,21261
Frans Brik,fbriklp@cdc.gov,148.57.106.96,273-956-5648,
Gussie Cancutt,gcancuttlq@msu.edu,29.10.130.78,156-259-5991,
Salomi Grichukhanov,sgrichukhanovlr@booking.com,28.0.74.80,891-598-3302,1256
Dominga Wilcot,dwilcotls@census.gov,163.31.103.85,389-431-0641,5706
Gilbert Peppett,gpeppettlt@newsvine.com,231.144.240.13,927-912-7229,5120
Aluino Wadley,awadleylu@i2i.jp,51.64.116.9,217-974-4328,
 ,,,673-108-6365,2435-585
Sloane Ridges,sridgeslw@tumblr.com,116.235.162.241,932-571-3898,
 ,,,403-968-2369,
Kane Leonida,kleonidaly@unc.edu,233.106.123.158,487-487-0788,675 51
Lyndy Pybworth,lpybworthlz@themeforest.net,135.3.208.62,137-366-8802,08-205
Darrell Livock,dlivockm0@indiegogo.com,44.12.240.183,936-903-0926,337 01
Brianne MacGruer,bmacgruerm1@dot.gov,118.48.123.55,762-961-3086,H9X
Moise Jackling,mjacklingm2@ox.ac.uk,141.14.132.69,658-513-1109,
Jozef Milkeham,jmilkehamm3@tiny.cc,190.195.140.51,471-699-9380,3800-006
Ichabod Lindenblatt,ilindenblattm4@nasa.gov,20.97.209.128,777-673-2450,
Imogen Stancliffe,istancliffem5@hc360.com,126.52.133.218,273-242-3801,49500-000
Muire Gianetti,mgianettim6@wikispaces.com,4.124.36.235,745-942-1289,433310
Glen Washbrook,gwashbrookm7@netlog.com,200.52.160.193,590-656-8501,128
Alanson Radford,aradfordm8@comcast.net,175.28.165.54,409-409-2834,ST20
Davin Manketell,dmanketellm9@hostgator.com,246.176.192.22,337-890-7328,35000
Olive Dickenson,odickensonma@google.ca,29.84.94.246,717-303-7594,17110
Eachelle Hanaford,ehanafordmb@moonfruit.com,233.46.236.34,217-226-4404,
 ,,,877-215-6747,4800-260
Magnum Banner,mbannermd@wired.com,85.172.56.207,396-525-3448,452941
Colby Onians,coniansme@yahoo.com,116.121.168.246,231-484-1397,
Audrye Dioniso,adionisomf@aboutads.info,200.187.186.161,758-208-5445,
Garth Poultney,gpoultneymg@google.it,114.177.186.250,236-798-7590,3712
Stoddard Petegrew,spetegrewmh@mayoclinic.com,218.76.208.170,469-988-9866,
Eldridge Emanuelli,eemanuellimi@hc360.com,113.36.253.99,616-385-5559,49544
Frasco Jorcke,fjorckemj@omniture.com,142.44.26.201,191-781-2588,5949
Ludwig Risdale,lrisdalemk@cnn.com,161.247.186.144,338-196-7930,R8A
Marlena Carreyette,mcarreyetteml@miibeian.gov.cn,186.135.158.119,488-767-5704,164903
Milty Ferne,mfernemm@wunderground.com,9.0.179.124,283-362-2132,L-5754
Bale Gibby,bgibbymn@odnoklassniki.ru,252.225.209.207,998-355-1165,8608
Vanessa Kensitt,vkensittmo@ameblo.jp,104.202.51.157,334-820-0187,
Dawn Batham,dbathammp@house.gov,53.78.35.109,787-804-4508,
Vannie Olenin,voleninmq@nyu.edu,111.129.33.149,990-620-4966,4960-468
Obediah Quinnet,oquinnetmr@yellowbook.com,133.95.161.218,359-248-1208,67710
Evie Castelin,ecastelinms@seesaa.net,43.230.44.43,119-866-1403,68264 CEDEX
Theodor Tembridge,ttembridgemt@angelfire.com,72.63.180.225,169-426-2966,
Emmalee Whartonby,ewhartonbymu@go.com,254.58.99.47,553-370-7671,142450
Lorri Scherme,lschermemv@gnu.org,105.119.148.76,389-201-2311,
Norri Gillogley,ngillogleymw@answers.com,147.245.207.119,474-861-4822,
 ,,,355-459-8794,
Johan Boag,jboagmy@eepurl.com,43.225.15.82,509-895-8893,987-2224
Claudian Nelm,cnelmmz@weather.com,218.112.219.127,922-506-2758,75675 CEDEX 14
Glori Kimmons,gkimmonsn0@dot.gov,74.253.117.18,300-604-1691,
Nealson Stritton,nstrittonn1@senate.gov,251.214.214.240,155-963-7922,
 ,,,785-819-9434,
 ,,,400-892-5334,
Meaghan Aukland,mauklandn4@a8.net,165.75.156.111,339-441-5733,142717
 ,,,561-177-4814,96745-000
Andres Gowthorpe,agowthorpen6@ucsd.edu,162.166.227.238,613-576-9258,
 ,,,286-299-4640,
Cris Swyer,cswyern8@theglobeandmail.com,206.224.158.243,452-720-8528,
Garret Kneeland,gkneelandn9@samsung.com,248.115.72.130,424-873-6289,
Gabriele Radborne,gradbornena@answers.com,81.24.150.178,576-229-8987,
Haskell Roth,hrothnb@4shared.com,192.80.207.188,389-651-5887,
Starlin Elizabeth,selizabethnc@bravesites.com,27.188.167.242,611-551-2095,9600-015
Kalle Crambie,kcrambiend@phoca.cz,230.255.146.243,421-827-6877,9025
Marybelle Smiths,msmithsne@reference.com,200.227.47.233,724-545-3159,
Vivi Durtnall,vdurtnallnf@dagondesign.com,199.103.223.221,623-136-9613,13269 CEDEX 08
Anett Schoenleiter,aschoenleiterng@state.tx.us,103.224.201.205,906-878-9327,
Rabbi Gowdridge,rgowdridgenh@time.com,167.52.111.60,981-407-3768,5022
Alano MacGuffog,amacguffogni@biglobe.ne.jp,22.32.14.100,172-959-3532,
Bernarr Kacheler,bkachelernj@trellian.com,149.190.128.29,980-984-1764,
Jacqui Tallis,jtallisnk@w3.org,186.106.18.88,413-751-0537,
Bendicty Vitall,bvitallnl@sogou.com,111.38.179.122,106-945-0970,
Port Macartney,pmacartneynm@slate.com,85.117.46.73,613-221-6876,72507
Xaviera Mendenhall,xmendenhallnn@illinois.edu,133.12.130.175,330-815-6783,4508
Jasmina Bickmore,jbickmoreno@163.com,214.156.23.12,639-508-4332,
Mareah Dearnly,mdearnlynp@mlb.com,24.18.177.177,651-533-8572,
Christie Dinnage,cdinnagenq@go.com,15.31.211.51,275-705-5425,
Gail Balm,gbalmnr@bbb.org,35.72.91.99,608-466-3710,3763
Lucio Millen,lmillenns@moonfruit.com,85.125.210.229,298-169-8279,
Fairfax Durn,fdurnnt@mediafire.com,244.163.69.242,360-239-2663,
Moyna Malcolm,mmalcolmnu@virginia.edu,38.217.109.171,386-350-2763,5349
Allissa Jewess,ajewessnv@flavors.me,118.132.91.133,285-444-9120,
Dela Gettings,dgettingsnw@seesaa.net,64.192.89.200,201-780-2201,7522
Chrisy Norledge,cnorledgenx@sphinn.com,14.52.197.42,586-891-3662,
Erina Lorait,eloraitny@rediff.com,157.210.133.218,862-440-3881,1240
Nelson Cruddas,ncruddasnz@hexun.com,82.241.215.26,376-200-4573,
Bertie Allsopp,ballsoppo0@google.ru,231.190.77.172,884-269-4991,
Lily Peller,lpellero1@senate.gov,128.36.224.88,838-211-7859,5609
Lay Sangster,lsangstero2@cnn.com,148.129.79.102,321-398-9062,6718
Henry Pettigrew,hpettigrewo3@oakley.com,208.76.9.212,990-919-7162,706018
Kristal Barczynski,kbarczynskio4@buzzfeed.com,97.156.231.247,747-856-5559,
Waylon Carleton,wcarletono5@de.vu,214.255.246.196,831-834-7309,97279 CEDEX
Stacia Icom,sicomo6@gnu.org,150.66.225.206,719-308-8006,
Dyane Lydster,dlydstero7@cam.ac.uk,160.212.52.211,142-867-4935,1040
Neill Dunkerton,ndunkertono8@redcross.org,83.31.140.96,509-303-8978,
Brandtr Mash,bmasho9@washingtonpost.com,154.155.212.2,216-482-6789,
Arabelle De Carteret,adecarteretoa@omniture.com,146.179.226.43,947-657-8029,
Rowena Traill,rtraillob@fda.gov,42.170.249.191,884-683-1893,1236
Bruis Joris,bjorisoc@yandex.ru,3.224.9.176,405-150-3356,613110
Selie McNellis,smcnellisod@merriam-webster.com,4.219.10.40,208-468-7621,
Georgy Sitlington,gsitlingtonoe@arizona.edu,100.164.85.158,281-157-6462,77085
Nolly Fox,nfoxof@photobucket.com,113.108.219.17,583-231-4878,
 ,,,482-204-0222,
Kalle MacLaren,kmaclarenoh@alexa.com,3.70.4.20,664-520-6342,J6S
Adrien Londors,alondorsoi@ask.com,251.179.223.201,558-415-0209,
Lammond Tremathack,ltremathackoj@nyu.edu,2.22.90.168,507-851-0276,
Lynne Ely,lelyok@hibu.com,93.214.228.102,693-688-3841,88200-000
Zitella Bools,zboolsol@lulu.com,221.122.184.7,162-274-5419,46-250
Addy Wratten,awrattenom@nih.gov,134.70.223.125,784-766-1642,4212
Shandee Rea,sreaon@posterous.com,166.249.157.61,310-299-4735,
Robbyn Dobrowlski,rdobrowlskioo@bigcartel.com,247.63.137.119,471-746-4436,
Myriam Stinson,mstinsonop@opera.com,198.69.218.228,586-580-3943,
Jeremy Iredell,jiredelloq@usgs.gov,182.80.71.251,556-315-7756,
Edmon McNern,emcnernor@arstechnica.com,135.27.131.92,500-249-4836,
 ,,,946-821-9160,
Lonna Stitch,lstitchot@macromedia.com,46.63.4.104,250-964-5705,
Ethelin MacLeese,emacleeseou@wikia.com,254.185.233.66,302-334-7206,1697
Karna Ganing,kganingov@thetimes.co.uk,209.17.178.138,843-375-5092,
Kleon Thundercliffe,kthundercliffeow@last.fm,242.24.145.154,356-138-5099,802 66
 ,,,957-882-6136,164 91
Felizio Gaynsford,fgaynsfordoy@ox.ac.uk,45.62.166.189,443-412-1120,7214
Keene Bru,kbruoz@tmall.com,101.146.250.158,805-155-7362,VCT
Lanie Wrinch,lwrinchp0@arizona.edu,219.42.70.168,898-449-2640,4206
Joshua Greenwood,jgreenwoodp1@indiegogo.com,185.92.14.15,362-877-3559,
Tucky Beentjes,tbeentjesp2@deliciousdays.com,153.157.36.156,833-427-7568,
Khalil Giacomello,kgiacomellop3@wikia.com,189.137.203.26,630-368-6230,47070
Ansel Hicken,ahickenp4@posterous.com,136.147.66.192,684-973-5022,63-130
 ,,,633-438-2694,
Dory Bridgland,dbridglandp6@squidoo.com,165.251.230.29,437-374-7329,
Welsh Jiruch,wjiruchp7@nbcnews.com,178.238.39.19,954-487-8126,83120
Hamish McOwan,hmcowanp8@webs.com,132.25.87.209,477-336-2502,
Stormy Orrobin,sorrobinp9@hp.com,206.20.238.102,337-728-5681,
 ,,,954-554-8017,
Darill Moncur,dmoncurpb@blog.com,237.143.247.255,368-300-2270,2920
Gray Mouncher,gmouncherpc@apple.com,3.226.138.173,575-312-0466,97-510
Aura Coldtart,acoldtartpd@t.co,31.80.121.17,734-744-0595,20170
 ,,,653-542-0415,05-509
Betta Pruckner,bprucknerpf@boston.com,137.238.59.114,440-858-0211,5444
Koressa Koubu,kkoubupg@t.co,246.43.89.45,157-644-0185,1062
Lainey Maletratt,lmaletrattph@people.com.cn,160.154.225.227,889-425-2234,
Iggy Riolfi,iriolfipi@printfriendly.com,37.66.0.78,188-153-3819,
Tom Lethibridge,tlethibridgepj@cisco.com,143.247.201.131,780-629-7599,31124 CEDEX
 ,,,112-997-5697,
Dionysus Maraga,dmaragapl@mapquest.com,174.45.249.41,596-591-2381,
 ,,,295-933-9049,
Doria Semrad,dsemradpn@google.ru,142.79.126.118,187-165-1199,622937
Corrinne Boumphrey,cboumphreypo@about.com,118.129.167.194,256-574-8966,
Enos Sherewood,esherewoodpp@de.vu,135.238.120.153,968-491-7173,80668
Erin Biaggioli,ebiaggiolipq@go.com,99.210.25.215,249-649-1908,253017
Paton Vearncomb,pvearncombpr@bbb.org,146.215.31.168,397-476-1133,
Wendye Halfpenny,whalfpennyps@wikipedia.org,181.177.232.187,657-300-5720,
Cora Rudledge,crudledgept@nature.com,209.137.131.200,906-295-1481,664 63
Oswell Tonepohl,otonepohlpu@goodreads.com,190.149.240.206,380-884-1822,
Johny Orman,jormanpv@i2i.jp,252.8.215.178,124-324-0818,1060
Sarina Dumelow,sdumelowpw@smh.com.au,71.20.201.101,562-410-0520,
Mari Averay,maveraypx@feedburner.com,90.73.163.95,758-904-9014,
Gerhardine McMurrugh,gmcmurrughpy@businesswire.com,56.238.64.105,642-508-8700,49246
Winn Jancso,wjancsopz@dailymotion.com,81.31.241.133,907-469-7096,
Norma Frodsham,nfrodshamq0@amazon.com,236.91.145.83,960-259-7139,
 ,,,483-555-8154,30370
Inigo Ferriman,iferrimanq2@cdc.gov,245.187.224.61,976-328-7302,3045-451
Frans Sexty,fsextyq3@theatlantic.com,172.19.43.154,537-581-4932,65760-000
Rudy Hexham,rhexhamq4@xing.com,7.216.34.15,938-247-8580,
Simonette Huddlestone,shuddlestoneq5@creativecommons.org,201.224.135.120,845-841-9245,
Fonsie McCafferty,fmccaffertyq6@4shared.com,111.5.57.131,558-644-8382,83077 CEDEX 9
Elene Everwin,eeverwinq7@illinois.edu,37.3.246.151,132-335-8436,64255-000
Chaim Kirke,ckirkeq8@shareasale.com,2.235.148.175,912-511-6871,
Ethelda Rossbrook,erossbrookq9@digg.com,15.36.182.198,445-933-5081,8427
Amelita Gavan,agavanqa@drupal.org,208.237.192.16,787-816-9977,79500-000
Franklyn Lanceley,flanceleyqb@opera.com,44.116.180.7,486-116-9461,
 ,,,267-977-4256,98815
Dunc Brame,dbrameqd@prlog.org,244.124.175.225,554-730-6414,2635-466
Jacqueline Bront,jbrontqe@eepurl.com,17.179.7.134,633-487-9250,
Wait Kirstein,wkirsteinqf@salon.com,42.7.90.159,735-818-7292,
Heloise Chaucer,hchaucerqg@wisc.edu,0.55.83.5,759-214-0399,
Georgie Shaylor,gshaylorqh@buzzfeed.com,154.176.134.98,480-614-8285,83120
Reg McCulloch,rmccullochqi@typepad.com,92.243.97.33,634-673-4117,
Sigismundo Stiffkins,sstiffkinsqj@ebay.co.uk,201.36.77.96,665-342-3259,67-101
Lolita Pargeter,lpargeterqk@xing.com,237.187.102.71,583-553-4924,
Dee Dewan,ddewanql@pinterest.com,69.187.171.17,333-466-5438,R3P
Valera Bowskill,vbowskillqm@amazonaws.com,247.93.37.108,355-809-0029,1522
Konstantine Richold,kricholdqn@howstuffworks.com,148.30.4.99,489-391-9174,
Margi Aloshkin,maloshkinqo@cafepress.com,169.148.44.146,163-899-7729,
Chiarra Jesteco,cjestecoqp@dedecms.com,203.126.198.21,503-836-3716,671454
Conny Probyn,cprobynqq@utexas.edu,93.18.63.112,654-736-5487,05-820
Lark Kiely,lkielyqr@mozilla.com,34.222.124.197,880-692-5711,37-303
Danya Wyss,dwyssqs@ning.com,225.232.118.151,275-244-9264,
Wrennie Fraczak,wfraczakqt@sciencedirect.com,184.92.128.5,977-144-7915,705039
West de Guise,wdeguisequ@google.com.au,12.177.158.240,816-690-0830,661 24
Murdock Mowle,mmowleqv@wikipedia.org,34.79.255.123,831-528-7226,
Ody Blaker,oblakerqw@163.com,11.238.188.38,901-213-9993,301042
Giralda Raigatt,graigattqx@amazon.co.uk,150.252.148.209,863-759-5270,
Etheline Cogan,ecoganqy@so-net.ne.jp,141.43.237.132,782-817-1736,
Lenard Debow,ldebowqz@qq.com,218.100.178.55,664-426-9513,38800
Perren Keenan,pkeenanr0@arizona.edu,133.166.192.161,952-704-1092,62-045
Sibel Lethlay,slethlayr1@home.pl,252.198.23.71,445-138-2531,89295-000
Sig Jancey,sjanceyr2@fotki.com,172.28.130.78,649-957-3385,623795
Amandi Adkin,aadkinr3@squarespace.com,140.47.247.52,268-302-7219,
Norton Vatcher,nvatcherr4@reverbnation.com,154.204.128.183,372-464-0760,
Julina Patman,jpatmanr5@census.gov,0.89.50.66,554-799-5299,
Ilyssa Blondel,iblondelr6@ted.com,133.80.125.142,914-866-3532,
Herold Annott,hannottr7@bbc.co.uk,76.87.170.91,160-469-0543,
Neysa Banbrick,nbanbrickr8@wikia.com,185.118.207.167,553-688-3897,2624
Dayle Cowles,dcowlesr9@blog.com,113.138.216.45,333-323-8479,56190
Merry Lomaz,mlomazra@guardian.co.uk,115.122.108.86,237-661-3892,
Fran Curtain,fcurtainrb@sbwire.com,52.57.146.6,534-845-1104,
Tymon Comben,tcombenrc@dagondesign.com,122.10.240.81,823-478-0969,
 ,,,272-807-1887,50504
Violet Lampett,vlampettre@wikia.com,52.85.236.170,148-699-2787,80600
Jude Deering,jdeeringrf@yale.edu,233.204.237.73,178-307-5593,
 ,,,945-514-3106,51847
Coral Petracco,cpetraccorh@joomla.org,100.99.133.235,381-572-9144,
Aharon Locksley,alocksleyri@tripod.com,62.24.159.27,535-927-4875,
Dorelia O'Downe,dodownerj@tripadvisor.com,136.194.7.254,529-956-1938,
 ,,,633-134-5969,
Bobbee Leimster,bleimsterrl@hp.com,128.3.182.247,845-630-0967,142507
Ruthie Hugonneau,rhugonneaurm@geocities.jp,37.148.221.192,895-248-4429,
Torre Tocque,ttocquern@dailymotion.com,115.204.134.52,472-111-7343,
Alvie Shirley,ashirleyro@apple.com,140.214.144.137,491-875-6730,
Sissy Qualtrough,squaltroughrp@census.gov,222.138.80.36,181-752-5199,
Tobias Howels,thowelsrq@opensource.org,89.199.142.102,999-853-0477,
Bendick Ferne,bfernerr@clickbank.net,178.166.107.106,407-282-5221,32830
